timestamp,project,release_name
1352482377,druid,refs/tags/druid-0.1.0
1352484626,druid,refs/tags/druid-0.1.1
1354922291,druid,refs/tags/druid-0.1.10
1354931441,druid,refs/tags/druid-0.1.11
1355355517,druid,refs/tags/druid-0.1.12
1355443062,druid,refs/tags/druid-0.1.13
1355506632,druid,refs/tags/druid-0.1.14
1355534393,druid,refs/tags/druid-0.1.15
1355549354,druid,refs/tags/druid-0.1.16
1355551670,druid,refs/tags/druid-0.1.17
1355554603,druid,refs/tags/druid-0.1.18
1355561090,druid,refs/tags/druid-0.1.19
1352497257,druid,refs/tags/druid-0.1.2
1355561514,druid,refs/tags/druid-0.1.20
1355855828,druid,refs/tags/druid-0.1.21
1355869142,druid,refs/tags/druid-0.1.22
1355876258,druid,refs/tags/druid-0.1.23
1356994563,druid,refs/tags/druid-0.1.24
1357236583,druid,refs/tags/druid-0.1.25
1352505016,druid,refs/tags/druid-0.1.3
1352848200,druid,refs/tags/druid-0.1.4
1353542948,druid,refs/tags/druid-0.1.5
1353557588,druid,refs/tags/druid-0.1.6
1354906774,druid,refs/tags/druid-0.1.7
1354919838,druid,refs/tags/druid-0.1.8
1354920544,druid,refs/tags/druid-0.1.9
1492538630,druid,refs/tags/druid-0.10.0
1488490507,druid,refs/tags/druid-0.10.0-rc1
1490321476,druid,refs/tags/druid-0.10.0-rc2
1503440821,druid,refs/tags/druid-0.10.1
1497909609,druid,refs/tags/druid-0.10.1-rc1
1500483974,druid,refs/tags/druid-0.10.1-rc2
1502153253,druid,refs/tags/druid-0.10.1-rc3
1512426479,druid,refs/tags/druid-0.11.0
1508371124,druid,refs/tags/druid-0.11.0-rc1
1510649807,druid,refs/tags/druid-0.11.0-rc2
1520364917,druid,refs/tags/druid-0.12.0
1516307333,druid,refs/tags/druid-0.12.0-rc1
1518817876,druid,refs/tags/druid-0.12.0-rc2
1518833468,druid,refs/tags/druid-0.12.0-rc3
1528230302,druid,refs/tags/druid-0.12.1
1525392360,druid,refs/tags/druid-0.12.1-rc1
1526417169,druid,refs/tags/druid-0.12.1-rc2
1533861787,druid,refs/tags/druid-0.12.2
1533579139,druid,refs/tags/druid-0.12.2-rc1
1537298721,druid,refs/tags/druid-0.12.3
1535755256,druid,refs/tags/druid-0.12.3-rc1
1543737077,druid,refs/tags/druid-0.13.0-incubating
1540092806,druid,refs/tags/druid-0.13.0-incubating-rc1
1542343404,druid,refs/tags/druid-0.13.0-incubating-rc2
1542432305,druid,refs/tags/druid-0.13.0-incubating-rc3
1543737077,druid,refs/tags/druid-0.13.0-incubating-rc4
1553841075,druid,refs/tags/druid-0.14.0-incubating
1552691825,druid,refs/tags/druid-0.14.0-incubating-rc1
1553235970,druid,refs/tags/druid-0.14.0-incubating-rc2
1553841075,druid,refs/tags/druid-0.14.0-incubating-rc3
1556247325,druid,refs/tags/druid-0.14.1-incubating
1556247325,druid,refs/tags/druid-0.14.1-incubating-rc1
1557489390,druid,refs/tags/druid-0.14.2-incubating
1557489390,druid,refs/tags/druid-0.14.2-incubating-rc1
1560380747,druid,refs/tags/druid-0.15.0-incubating
1559942675,druid,refs/tags/druid-0.15.0-incubating-rc1
1560380747,druid,refs/tags/druid-0.15.0-incubating-rc2
1564689485,druid,refs/tags/druid-0.15.1-incubating
1564475908,druid,refs/tags/druid-0.15.1-incubating-rc1
1564689485,druid,refs/tags/druid-0.15.1-incubating-rc2
1568435129,druid,refs/tags/druid-0.16.0-incubating
1568179382,druid,refs/tags/druid-0.16.0-incubating-rc1
1568285742,druid,refs/tags/druid-0.16.0-incubating-rc2
1568435129,druid,refs/tags/druid-0.16.0-incubating-rc3
1575418092,druid,refs/tags/druid-0.16.1-incubating
1574993347,druid,refs/tags/druid-0.16.1-incubating-rc1
1575418092,druid,refs/tags/druid-0.16.1-incubating-rc2
1579672944,druid,refs/tags/druid-0.17.0
1579672944,druid,refs/tags/druid-0.17.0-rc1
1585616500,druid,refs/tags/druid-0.17.1
1587062675,druid,refs/tags/druid-0.18.0
1586665412,druid,refs/tags/druid-0.18.0-rc1
1586931299,druid,refs/tags/druid-0.18.0-rc2
1587062675,druid,refs/tags/druid-0.18.0-rc3
1588713973,druid,refs/tags/druid-0.18.1
1588209507,druid,refs/tags/druid-0.18.1-rc1
1588713973,druid,refs/tags/druid-0.18.1-rc2
1594631333,druid,refs/tags/druid-0.19.0
1594631333,druid,refs/tags/druid-0.19.0-rc1
1359582428,druid,refs/tags/druid-0.2.0
1359592102,druid,refs/tags/druid-0.2.1
1359594558,druid,refs/tags/druid-0.2.2
1359764735,druid,refs/tags/druid-0.2.3
1360198456,druid,refs/tags/druid-0.2.4
1360201353,druid,refs/tags/druid-0.2.5
1360205014,druid,refs/tags/druid-0.2.6
1360609123,druid,refs/tags/druid-0.2.7
1360888032,druid,refs/tags/druid-0.2.8
1360905821,druid,refs/tags/druid-0.2.9
1602218103,druid,refs/tags/druid-0.20.0
1601950667,druid,refs/tags/druid-0.20.0-rc1
1602218103,druid,refs/tags/druid-0.20.0-rc2
1611726851,druid,refs/tags/druid-0.20.1
1611726851,druid,refs/tags/druid-0.20.1-rc1
1616631164,druid,refs/tags/druid-0.20.2
1616631164,druid,refs/tags/druid-0.20.2-rc1
1618538652,druid,refs/tags/druid-0.21.0
1618538652,druid,refs/tags/druid-0.21.0-rc1
1622655371,druid,refs/tags/druid-0.21.1
1620951888,druid,refs/tags/druid-0.21.1-rc1
1622655371,druid,refs/tags/druid-0.21.1-rc2
1631760172,druid,refs/tags/druid-0.22.0
1631760172,druid,refs/tags/druid-0.22.0-rc1
1639191439,druid,refs/tags/druid-0.22.1
1639159491,druid,refs/tags/druid-0.22.1-rc1
1639191439,druid,refs/tags/druid-0.22.1-rc2
1655285373,druid,refs/tags/druid-0.23.0
1654410718,druid,refs/tags/druid-0.23.0-rc1
1655285373,druid,refs/tags/druid-0.23.0-rc2
1360962212,druid,refs/tags/druid-0.3.0
1361483395,druid,refs/tags/druid-0.3.1
1362191043,druid,refs/tags/druid-0.3.10
1362193539,druid,refs/tags/druid-0.3.11
1362194908,druid,refs/tags/druid-0.3.12
1362195950,druid,refs/tags/druid-0.3.13
1362196387,druid,refs/tags/druid-0.3.14
1362245331,druid,refs/tags/druid-0.3.15
1362431289,druid,refs/tags/druid-0.3.16
1362438688,druid,refs/tags/druid-0.3.18
1363047609,druid,refs/tags/druid-0.3.19
1361500785,druid,refs/tags/druid-0.3.2
1363210390,druid,refs/tags/druid-0.3.20
1363217515,druid,refs/tags/druid-0.3.21
1363373613,druid,refs/tags/druid-0.3.22
1363383144,druid,refs/tags/druid-0.3.23
1363629753,druid,refs/tags/druid-0.3.24
1363644536,druid,refs/tags/druid-0.3.25
1363889654,druid,refs/tags/druid-0.3.26
1364242663,druid,refs/tags/druid-0.3.27
1364564280,druid,refs/tags/druid-0.3.27.1
1364565095,druid,refs/tags/druid-0.3.27.2
1364321404,druid,refs/tags/druid-0.3.28
1364410538,druid,refs/tags/druid-0.3.29
1361823855,druid,refs/tags/druid-0.3.3
1364523667,druid,refs/tags/druid-0.3.30
1364525319,druid,refs/tags/druid-0.3.31
1364851716,druid,refs/tags/druid-0.3.32
1364861864,druid,refs/tags/druid-0.3.33
1365445592,druid,refs/tags/druid-0.3.34
1366063400,druid,refs/tags/druid-0.3.35
1366069427,druid,refs/tags/druid-0.3.36
1366075056,druid,refs/tags/druid-0.3.37
1366077346,druid,refs/tags/druid-0.3.38
1361920536,druid,refs/tags/druid-0.3.4
1362166996,druid,refs/tags/druid-0.3.5
1362174901,druid,refs/tags/druid-0.3.6
1362177793,druid,refs/tags/druid-0.3.7
1362185858,druid,refs/tags/druid-0.3.8
1366416900,druid,refs/tags/druid-0.4.0
1367532802,druid,refs/tags/druid-0.4.1
1368468509,druid,refs/tags/druid-0.4.10
1368473941,druid,refs/tags/druid-0.4.11
1368491462,druid,refs/tags/druid-0.4.12
1368814448,druid,refs/tags/druid-0.4.12.1
1368817576,druid,refs/tags/druid-0.4.12.2
1368909438,druid,refs/tags/druid-0.4.12.3
1368909887,druid,refs/tags/druid-0.4.12.4
1369076874,druid,refs/tags/druid-0.4.12.5
1368565147,druid,refs/tags/druid-0.4.13
1368567809,druid,refs/tags/druid-0.4.14
1368741244,druid,refs/tags/druid-0.4.15
1368747072,druid,refs/tags/druid-0.4.16
1368923843,druid,refs/tags/druid-0.4.17
1369077590,druid,refs/tags/druid-0.4.18
1369082778,druid,refs/tags/druid-0.4.19
1367601417,druid,refs/tags/druid-0.4.2
1369106455,druid,refs/tags/druid-0.4.20
1369181536,druid,refs/tags/druid-0.4.21
1369197274,druid,refs/tags/druid-0.4.22
1369255004,druid,refs/tags/druid-0.4.23
1369292106,druid,refs/tags/druid-0.4.24
1369328718,druid,refs/tags/druid-0.4.25
1369331601,druid,refs/tags/druid-0.4.26
1369596777,druid,refs/tags/druid-0.4.27
1369597401,druid,refs/tags/druid-0.4.28
1369776522,druid,refs/tags/druid-0.4.29
1367624493,druid,refs/tags/druid-0.4.3
1369846202,druid,refs/tags/druid-0.4.30
1370034039,druid,refs/tags/druid-0.4.31
1370040797,druid,refs/tags/druid-0.4.32
1370632815,druid,refs/tags/druid-0.4.32.1
1371677221,druid,refs/tags/druid-0.4.32.2
1367875803,druid,refs/tags/druid-0.4.5
1367944366,druid,refs/tags/druid-0.4.6
1368033437,druid,refs/tags/druid-0.4.7
1368035772,druid,refs/tags/druid-0.4.8
1368397152,druid,refs/tags/druid-0.4.9
1370560239,druid,refs/tags/druid-0.5.0
1370566824,druid,refs/tags/druid-0.5.1
1374022529,druid,refs/tags/druid-0.5.10
1374077668,druid,refs/tags/druid-0.5.11
1374182215,druid,refs/tags/druid-0.5.13
1374182926,druid,refs/tags/druid-0.5.14
1374184122,druid,refs/tags/druid-0.5.15
1374184426,druid,refs/tags/druid-0.5.16
1374185672,druid,refs/tags/druid-0.5.17
1374187036,druid,refs/tags/druid-0.5.18
1374684080,druid,refs/tags/druid-0.5.19
1370568299,druid,refs/tags/druid-0.5.2
1374794509,druid,refs/tags/druid-0.5.20
1374796520,druid,refs/tags/druid-0.5.21
1374798396,druid,refs/tags/druid-0.5.22
1375728268,druid,refs/tags/druid-0.5.23
1375739246,druid,refs/tags/druid-0.5.24
1375744211,druid,refs/tags/druid-0.5.25
1375750836,druid,refs/tags/druid-0.5.26
1375752370,druid,refs/tags/druid-0.5.27
1375757914,druid,refs/tags/druid-0.5.28
1375831229,druid,refs/tags/druid-0.5.29
1370639852,druid,refs/tags/druid-0.5.3
1375836111,druid,refs/tags/druid-0.5.30
1375848472,druid,refs/tags/druid-0.5.31
1375849278,druid,refs/tags/druid-0.5.32
1376025295,druid,refs/tags/druid-0.5.33
1376338881,druid,refs/tags/druid-0.5.34
1376359086,druid,refs/tags/druid-0.5.35
1376404038,druid,refs/tags/druid-0.5.36
1376439706,druid,refs/tags/druid-0.5.37
1376500414,druid,refs/tags/druid-0.5.38
1376514339,druid,refs/tags/druid-0.5.39
1370898669,druid,refs/tags/druid-0.5.4
1376525008,druid,refs/tags/druid-0.5.40
1376599668,druid,refs/tags/druid-0.5.41
1377046702,druid,refs/tags/druid-0.5.42
1377052136,druid,refs/tags/druid-0.5.43
1377052664,druid,refs/tags/druid-0.5.44
1377136540,druid,refs/tags/druid-0.5.45
1377142086,druid,refs/tags/druid-0.5.46
1377147046,druid,refs/tags/druid-0.5.47
1377282002,druid,refs/tags/druid-0.5.48
1377800989,druid,refs/tags/druid-0.5.49
1372719865,druid,refs/tags/druid-0.5.5
1377814805,druid,refs/tags/druid-0.5.50
1378326131,druid,refs/tags/druid-0.5.51
1378328785,druid,refs/tags/druid-0.5.52
1378329836,druid,refs/tags/druid-0.5.53
1378414091,druid,refs/tags/druid-0.5.54
1379120336,druid,refs/tags/druid-0.5.55
1379123114,druid,refs/tags/druid-0.5.56
1379123840,druid,refs/tags/druid-0.5.57
1379124160,druid,refs/tags/druid-0.5.58
1374006929,druid,refs/tags/druid-0.5.7
1374018821,druid,refs/tags/druid-0.5.8
1374021115,druid,refs/tags/druid-0.5.9
1382136492,druid,refs/tags/druid-0.6.0
1383694953,druid,refs/tags/druid-0.6.1
1383954966,druid,refs/tags/druid-0.6.10
1398365267,druid,refs/tags/druid-0.6.100
1398385666,druid,refs/tags/druid-0.6.101
1398878794,druid,refs/tags/druid-0.6.102
1398879914,druid,refs/tags/druid-0.6.103
1398888980,druid,refs/tags/druid-0.6.104
1398982137,druid,refs/tags/druid-0.6.105
1399400914,druid,refs/tags/druid-0.6.106
1399487145,druid,refs/tags/druid-0.6.107
1399491610,druid,refs/tags/druid-0.6.108
1400197472,druid,refs/tags/druid-0.6.109
1384298447,druid,refs/tags/druid-0.6.11
1400283252,druid,refs/tags/druid-0.6.110
1400559424,druid,refs/tags/druid-0.6.111
1400608133,druid,refs/tags/druid-0.6.112
1400615249,druid,refs/tags/druid-0.6.113
1400617368,druid,refs/tags/druid-0.6.114
1401409609,druid,refs/tags/druid-0.6.115
1401731623,druid,refs/tags/druid-0.6.116
1401900306,druid,refs/tags/druid-0.6.117
1401925784,druid,refs/tags/druid-0.6.118
1401929775,druid,refs/tags/druid-0.6.119
1384367828,druid,refs/tags/druid-0.6.12
1401938534,druid,refs/tags/druid-0.6.120
1401987806,druid,refs/tags/druid-0.6.121
1407277191,druid,refs/tags/druid-0.6.121.1
1415040438,druid,refs/tags/druid-0.6.121.2
1415041788,druid,refs/tags/druid-0.6.121.3
1402697114,druid,refs/tags/druid-0.6.122
1402697796,druid,refs/tags/druid-0.6.123
1402961879,druid,refs/tags/druid-0.6.124
1402962997,druid,refs/tags/druid-0.6.125
1403035254,druid,refs/tags/druid-0.6.126
1403051367,druid,refs/tags/druid-0.6.127
1403114016,druid,refs/tags/druid-0.6.128
1405707472,druid,refs/tags/druid-0.6.129
1384371519,druid,refs/tags/druid-0.6.13
1405709746,druid,refs/tags/druid-0.6.130
1406668417,druid,refs/tags/druid-0.6.131
1406676010,druid,refs/tags/druid-0.6.132
1406680852,druid,refs/tags/druid-0.6.133
1406682062,druid,refs/tags/druid-0.6.134
1406696589,druid,refs/tags/druid-0.6.135
1406840914,druid,refs/tags/druid-0.6.136
1406913270,druid,refs/tags/druid-0.6.137
1407357239,druid,refs/tags/druid-0.6.138
1407523246,druid,refs/tags/druid-0.6.139
1384378063,druid,refs/tags/druid-0.6.14
1407536194,druid,refs/tags/druid-0.6.140
1407538429,druid,refs/tags/druid-0.6.141
1407540154,druid,refs/tags/druid-0.6.142
1407638165,druid,refs/tags/druid-0.6.143
1407875090,druid,refs/tags/druid-0.6.144
1408053537,druid,refs/tags/druid-0.6.145
1408650630,druid,refs/tags/druid-0.6.146
1408721331,druid,refs/tags/druid-0.6.147
1409167369,druid,refs/tags/druid-0.6.148
1409334195,druid,refs/tags/druid-0.6.149
1384455272,druid,refs/tags/druid-0.6.15
1409351394,druid,refs/tags/druid-0.6.150
1409865009,druid,refs/tags/druid-0.6.151
1409940434,druid,refs/tags/druid-0.6.152
1410395051,druid,refs/tags/druid-0.6.153
1410906169,druid,refs/tags/druid-0.6.154
1411513959,druid,refs/tags/druid-0.6.155
1411515081,druid,refs/tags/druid-0.6.156
1412717420,druid,refs/tags/druid-0.6.157
1412889888,druid,refs/tags/druid-0.6.158
1413229841,druid,refs/tags/druid-0.6.159
1384463900,druid,refs/tags/druid-0.6.16
1414020327,druid,refs/tags/druid-0.6.160
1416526824,druid,refs/tags/druid-0.6.161
1416527666,druid,refs/tags/druid-0.6.162
1416951325,druid,refs/tags/druid-0.6.163
1417470728,druid,refs/tags/druid-0.6.164
1418254186,druid,refs/tags/druid-0.6.165
1418691937,druid,refs/tags/druid-0.6.166
1419290212,druid,refs/tags/druid-0.6.167
1419352538,druid,refs/tags/druid-0.6.169
1384468282,druid,refs/tags/druid-0.6.17
1421535487,druid,refs/tags/druid-0.6.170
1421800180,druid,refs/tags/druid-0.6.171
1422570637,druid,refs/tags/druid-0.6.172
1425583722,druid,refs/tags/druid-0.6.173
1426634876,druid,refs/tags/druid-0.6.174
1384470489,druid,refs/tags/druid-0.6.18
1384482025,druid,refs/tags/druid-0.6.19
1383872748,druid,refs/tags/druid-0.6.2
1384883984,druid,refs/tags/druid-0.6.20
1384972132,druid,refs/tags/druid-0.6.21
1384973117,druid,refs/tags/druid-0.6.22
1384977611,druid,refs/tags/druid-0.6.23
1385430897,druid,refs/tags/druid-0.6.24
1386022970,druid,refs/tags/druid-0.6.25
1386212245,druid,refs/tags/druid-0.6.26
1386642611,druid,refs/tags/druid-0.6.27
1386642918,druid,refs/tags/druid-0.6.28
1386643523,druid,refs/tags/druid-0.6.29
1383874806,druid,refs/tags/druid-0.6.3
1386648454,druid,refs/tags/druid-0.6.30
1386888777,druid,refs/tags/druid-0.6.31
1386898114,druid,refs/tags/druid-0.6.32
1386903194,druid,refs/tags/druid-0.6.33
1386980418,druid,refs/tags/druid-0.6.34
1386982037,druid,refs/tags/druid-0.6.35
1386982622,druid,refs/tags/druid-0.6.36
1387239461,druid,refs/tags/druid-0.6.37
1387326589,druid,refs/tags/druid-0.6.38
1387331322,druid,refs/tags/druid-0.6.39
1383876216,druid,refs/tags/druid-0.6.4
1387409750,druid,refs/tags/druid-0.6.40
1387411527,druid,refs/tags/druid-0.6.41
1387420702,druid,refs/tags/druid-0.6.42
1387563210,druid,refs/tags/druid-0.6.43
1387566477,druid,refs/tags/druid-0.6.44
1387567531,druid,refs/tags/druid-0.6.45
1387571329,druid,refs/tags/druid-0.6.46
1388721215,druid,refs/tags/druid-0.6.47
1389665064,druid,refs/tags/druid-0.6.48
1389722190,druid,refs/tags/druid-0.6.49
1383877216,druid,refs/tags/druid-0.6.5
1389744523,druid,refs/tags/druid-0.6.50
1389749740,druid,refs/tags/druid-0.6.51
1390002830,druid,refs/tags/druid-0.6.52
1391466524,druid,refs/tags/druid-0.6.52.1
1391642366,druid,refs/tags/druid-0.6.52.2
1392057519,druid,refs/tags/druid-0.6.52.3
1395173994,druid,refs/tags/druid-0.6.52.4
1391214741,druid,refs/tags/druid-0.6.53
1391474097,druid,refs/tags/druid-0.6.54
1391474866,druid,refs/tags/druid-0.6.55
1391556210,druid,refs/tags/druid-0.6.56
1391802994,druid,refs/tags/druid-0.6.57
1391807178,druid,refs/tags/druid-0.6.58
1392264175,druid,refs/tags/druid-0.6.59
1392419366,druid,refs/tags/druid-0.6.60
1392420251,druid,refs/tags/druid-0.6.61
1393265622,druid,refs/tags/druid-0.6.61.1
1393530755,druid,refs/tags/druid-0.6.62
1394139306,druid,refs/tags/druid-0.6.63
1394483194,druid,refs/tags/druid-0.6.64
1394489143,druid,refs/tags/druid-0.6.65
1394819963,druid,refs/tags/druid-0.6.66
1394834810,druid,refs/tags/druid-0.6.68
1394835410,druid,refs/tags/druid-0.6.69
1383895738,druid,refs/tags/druid-0.6.7
1395089826,druid,refs/tags/druid-0.6.70
1395117851,druid,refs/tags/druid-0.6.71
1395155564,druid,refs/tags/druid-0.6.72
1395425254,druid,refs/tags/druid-0.6.73
1395780201,druid,refs/tags/druid-0.6.74
1395968631,druid,refs/tags/druid-0.6.75
1396307245,druid,refs/tags/druid-0.6.76
1396485199,druid,refs/tags/druid-0.6.77
1396498094,druid,refs/tags/druid-0.6.78
1396499585,druid,refs/tags/druid-0.6.79
1383939249,druid,refs/tags/druid-0.6.8
1396502672,druid,refs/tags/druid-0.6.81
1397600822,druid,refs/tags/druid-0.6.81.1
1397689828,druid,refs/tags/druid-0.6.81.2
1396570870,druid,refs/tags/druid-0.6.82
1396899920,druid,refs/tags/druid-0.6.83
1396906731,druid,refs/tags/druid-0.6.84
1396982680,druid,refs/tags/druid-0.6.85
1396999660,druid,refs/tags/druid-0.6.86
1397154782,druid,refs/tags/druid-0.6.87
1397159776,druid,refs/tags/druid-0.6.88
1397169576,druid,refs/tags/druid-0.6.89
1383952481,druid,refs/tags/druid-0.6.9
1397597213,druid,refs/tags/druid-0.6.90
1397672788,druid,refs/tags/druid-0.6.91
1397673630,druid,refs/tags/druid-0.6.92
1397773826,druid,refs/tags/druid-0.6.93
1397847218,druid,refs/tags/druid-0.6.94
1397868272,druid,refs/tags/druid-0.6.95
1398107795,druid,refs/tags/druid-0.6.96
1398144383,druid,refs/tags/druid-0.6.97
1398144878,druid,refs/tags/druid-0.6.98
1398211827,druid,refs/tags/druid-0.6.99
1424730478,druid,refs/tags/druid-0.7.0
1421792631,druid,refs/tags/druid-0.7.0-rc1
1422994001,druid,refs/tags/druid-0.7.0-rc2
1423786556,druid,refs/tags/druid-0.7.0-rc3
1427758520,druid,refs/tags/druid-0.7.1
1426793893,druid,refs/tags/druid-0.7.1-rc1
1428616221,druid,refs/tags/druid-0.7.1.1
1431119569,druid,refs/tags/druid-0.7.2
1432753047,druid,refs/tags/druid-0.7.3
1436979502,druid,refs/tags/druid-0.8.0
1434674114,druid,refs/tags/druid-0.8.0-rc1
1435798645,druid,refs/tags/druid-0.8.0-rc2
1442382270,druid,refs/tags/druid-0.8.1
1439856724,druid,refs/tags/druid-0.8.1-rc1
1440528779,druid,refs/tags/druid-0.8.1-rc2
1441211451,druid,refs/tags/druid-0.8.1-rc3
1447796502,druid,refs/tags/druid-0.8.2
1444884617,druid,refs/tags/druid-0.8.2-rc1
1446060575,druid,refs/tags/druid-0.8.2-rc2
1453849336,druid,refs/tags/druid-0.8.3
1449200099,druid,refs/tags/druid-0.8.3-rc1
1450388224,druid,refs/tags/druid-0.8.3-rc2
1452037220,druid,refs/tags/druid-0.8.3-rc3
1452218514,druid,refs/tags/druid-0.8.3-rc4
1452637089,druid,refs/tags/druid-0.8.3-rc5
1460494805,druid,refs/tags/druid-0.9.0
1455150338,druid,refs/tags/druid-0.9.0-rc1
1456274748,druid,refs/tags/druid-0.9.0-rc2
1458099041,druid,refs/tags/druid-0.9.0-rc3
1467156056,druid,refs/tags/druid-0.9.1
1464735148,druid,refs/tags/druid-0.9.1-rc1
1465354557,druid,refs/tags/druid-0.9.1-rc2
1465403803,druid,refs/tags/druid-0.9.1-rc3
1465925077,druid,refs/tags/druid-0.9.1-rc4
1467220512,druid,refs/tags/druid-0.9.1.1
1480623219,druid,refs/tags/druid-0.9.2
1474669027,druid,refs/tags/druid-0.9.2-rc1
1478212591,druid,refs/tags/druid-0.9.2-rc2
1479242664,druid,refs/tags/druid-0.9.2-rc3
1662785698,druid,refs/tags/druid-24.0.0
1662646726,druid,refs/tags/druid-24.0.0-rc1
1662785698,druid,refs/tags/druid-24.0.0-rc2
1667708709,druid,refs/tags/druid-24.0.1
1667708709,druid,refs/tags/druid-24.0.1-rc1
1669298378,druid,refs/tags/druid-24.0.2
1669298378,druid,refs/tags/druid-24.0.2-rc1
1671714493,druid,refs/tags/druid-25.0.0
1671477649,druid,refs/tags/druid-25.0.0-rc1
1671714493,druid,refs/tags/druid-25.0.0-rc2
1684488811,druid,refs/tags/druid-26.0.0
1683881841,druid,refs/tags/druid-26.0.0-rc1
1684356792,druid,refs/tags/druid-26.0.0-rc2
1684488811,druid,refs/tags/druid-26.0.0-rc3
1691150466,druid,refs/tags/druid-27.0.0
1691150466,druid,refs/tags/druid-27.0.0-rc1
1699294387,druid,refs/tags/druid-28.0.0
1699294387,druid,refs/tags/druid-28.0.0-rc1
1702068800,druid,refs/tags/druid-28.0.1
1702068800,druid,refs/tags/druid-28.0.1-rc1
1473225075,pulsar,refs/tags/v1.14
1476829296,pulsar,refs/tags/v1.15
1477602016,pulsar,refs/tags/v1.15.1
1478195358,pulsar,refs/tags/v1.15.2
1481673377,pulsar,refs/tags/v1.15.3
1481763831,pulsar,refs/tags/v1.15.4
1483507086,pulsar,refs/tags/v1.15.5
1484952615,pulsar,refs/tags/v1.15.6
1485393171,pulsar,refs/tags/v1.15.7
1486075117,pulsar,refs/tags/v1.16
1487989611,pulsar,refs/tags/v1.16.1
1488243270,pulsar,refs/tags/v1.16.2
1488593451,pulsar,refs/tags/v1.16.3
1489181463,pulsar,refs/tags/v1.16.4
1490391899,pulsar,refs/tags/v1.16.5
1490926453,pulsar,refs/tags/v1.17
1490937414,pulsar,refs/tags/v1.17.1
1491527156,pulsar,refs/tags/v1.17.2
1492722389,pulsar,refs/tags/v1.17.3
1493101774,pulsar,refs/tags/v1.17.4
1493773304,pulsar,refs/tags/v1.17.5
1497663678,pulsar,refs/tags/v1.18
1501529239,pulsar,refs/tags/v1.19.0-incubating
1501529239,pulsar,refs/tags/v1.19.0-incubating-candidate-0
1506870322,pulsar,refs/tags/v1.20.0-incubating
1506870322,pulsar,refs/tags/v1.20.0-incubating-candidate-0
1512553264,pulsar,refs/tags/v1.21.0-incubating
1510164496,pulsar,refs/tags/v1.21.0-incubating-candidate-0
1511945604,pulsar,refs/tags/v1.21.0-incubating-candidate-1
1512003921,pulsar,refs/tags/v1.21.0-incubating-candidate-2
1512553264,pulsar,refs/tags/v1.21.0-incubating-candidate-3
1519185886,pulsar,refs/tags/v1.22.0-incubating
1518657607,pulsar,refs/tags/v1.22.0-incubating-candidate-0
1518851987,pulsar,refs/tags/v1.22.0-incubating-candidate-1
1519149410,pulsar,refs/tags/v1.22.0-incubating-candidate-2
1519185886,pulsar,refs/tags/v1.22.0-incubating-candidate-3
1527552126,pulsar,refs/tags/v1.22.1-incubating
1525851977,pulsar,refs/tags/v1.22.1-incubating-candidate-1
1527552126,pulsar,refs/tags/v1.22.1-incubating-candidate-2
1526861733,pulsar,refs/tags/v2.0.0-rc1-incubating
1525242596,pulsar,refs/tags/v2.0.0-rc1-incubating-candidate-1
1525382366,pulsar,refs/tags/v2.0.0-rc1-incubating-candidate-2
1525816017,pulsar,refs/tags/v2.0.0-rc1-incubating-candidate-3
1526337484,pulsar,refs/tags/v2.0.0-rc1-incubating-candidate-4
1526861733,pulsar,refs/tags/v2.0.0-rc1-incubating-candidate-5
1528435925,pulsar,refs/tags/v2.0.1-incubating
1528163160,pulsar,refs/tags/v2.0.1-incubating-candidate-1
1528435925,pulsar,refs/tags/v2.0.1-incubating-candidate-2
1532033899,pulsar,refs/tags/v2.1.0-incubating
1529939397,pulsar,refs/tags/v2.1.0-incubating-candidate-1
1530054630,pulsar,refs/tags/v2.1.0-incubating-candidate-2
1530224920,pulsar,refs/tags/v2.1.0-incubating-candidate-3
1530262140,pulsar,refs/tags/v2.1.0-incubating-candidate-4
1532033899,pulsar,refs/tags/v2.1.0-incubating-candidate-5
1536271686,pulsar,refs/tags/v2.1.1-incubating
1536271686,pulsar,refs/tags/v2.1.1-incubating-candidate-1
1648228509,pulsar,refs/tags/v2.10.0
1645157053,pulsar,refs/tags/v2.10.0-candidate-1
1646103759,pulsar,refs/tags/v2.10.0-candidate-2
1647066379,pulsar,refs/tags/v2.10.0-candidate-3
1647668673,pulsar,refs/tags/v2.10.0-candidate-4
1648228509,pulsar,refs/tags/v2.10.0-candidate-5
1655092306,pulsar,refs/tags/v2.10.1
1655092306,pulsar,refs/tags/v2.10.1-candidate-1
1665564310,pulsar,refs/tags/v2.10.2
1664163250,pulsar,refs/tags/v2.10.2-candidate-1
1664864562,pulsar,refs/tags/v2.10.2-candidate-2
1665564310,pulsar,refs/tags/v2.10.2-candidate-3
1671852453,pulsar,refs/tags/v2.10.3
1671852453,pulsar,refs/tags/v2.10.3-candidate-1
1681221655,pulsar,refs/tags/v2.10.4
1677745216,pulsar,refs/tags/v2.10.4-candidate-1
1678500629,pulsar,refs/tags/v2.10.4-candidate-2
1679384822,pulsar,refs/tags/v2.10.4-candidate-3
1681221655,pulsar,refs/tags/v2.10.4-candidate-4
1690512432,pulsar,refs/tags/v2.10.5
1689748099,pulsar,refs/tags/v2.10.5-candidate-1
1672370338,pulsar,refs/tags/v2.11.0
1661346153,pulsar,refs/tags/v2.11.0-candidate-1
1672370338,pulsar,refs/tags/v2.11.0-candidate-5
1681285316,pulsar,refs/tags/v2.11.1
1681285316,pulsar,refs/tags/v2.11.1-candidate-2
1689061127,pulsar,refs/tags/v2.11.2
1689061127,pulsar,refs/tags/v2.11.2-candidate-1
1703034370,pulsar,refs/tags/v2.11.3
1700483773,pulsar,refs/tags/v2.11.3-candidate-1
1703034370,pulsar,refs/tags/v2.11.3-candidate-2
1539368697,pulsar,refs/tags/v2.2.0
1539123955,pulsar,refs/tags/v2.2.0-candidate-1
1539368697,pulsar,refs/tags/v2.2.0-candidate-2
1544899430,pulsar,refs/tags/v2.2.1
1544739619,pulsar,refs/tags/v2.2.1-candidate-1
1544899430,pulsar,refs/tags/v2.2.1-candidate-2
1550210806,pulsar,refs/tags/v2.3.0
1550210806,pulsar,refs/tags/v2.3.0-candidate-1
1554759986,pulsar,refs/tags/v2.3.1
1554414684,pulsar,refs/tags/v2.3.1-candidate-1
1554759986,pulsar,refs/tags/v2.3.1-candidate-2
1558482874,pulsar,refs/tags/v2.3.2
1558482874,pulsar,refs/tags/v2.3.2-candidate-1
1561633365,pulsar,refs/tags/v2.4.0
1561088274,pulsar,refs/tags/v2.4.0-candidate-1
1561513787,pulsar,refs/tags/v2.4.0-candidate-2
1566979345,pulsar,refs/tags/v2.4.1
1566979345,pulsar,refs/tags/v2.4.1-candidate-1
1574673618,pulsar,refs/tags/v2.4.2
1574242540,pulsar,refs/tags/v2.4.2-candidate-1
1574673618,pulsar,refs/tags/v2.4.2-candidate-2
1574673618,pulsar,refs/tags/v2.4.2-candidate-3
1578277118,pulsar,refs/tags/v2.5.0
1575876243,pulsar,refs/tags/v2.5.0-candidate-1
1578277118,pulsar,refs/tags/v2.5.0-candidate-2
1586939984,pulsar,refs/tags/v2.5.1
1586151058,pulsar,refs/tags/v2.5.1-candidate-1
1586392369,pulsar,refs/tags/v2.5.1-candidate-2
1586751370,pulsar,refs/tags/v2.5.1-candidate-3
1586939984,pulsar,refs/tags/v2.5.1-candidate-4
1589380485,pulsar,refs/tags/v2.5.2
1589380485,pulsar,refs/tags/v2.5.2-candidate-1
1591744650,pulsar,refs/tags/v2.6.0
1591744650,pulsar,refs/tags/v2.6.0-candidate-1
1597393105,pulsar,refs/tags/v2.6.1
1597393105,pulsar,refs/tags/v2.6.1-candidate-1
1604640575,pulsar,refs/tags/v2.6.2
1604312105,pulsar,refs/tags/v2.6.2-candidate-1
1604640575,pulsar,refs/tags/v2.6.2-candidate-2
1610504090,pulsar,refs/tags/v2.6.3
1610264803,pulsar,refs/tags/v2.6.3-candidate-1
1610504090,pulsar,refs/tags/v2.6.3-candidate-2
1622184978,pulsar,refs/tags/v2.6.4
1622184978,pulsar,refs/tags/v2.6.4-candidate-1
1606383303,pulsar,refs/tags/v2.7.0
1606034218,pulsar,refs/tags/v2.7.0-candidate-1
1606383303,pulsar,refs/tags/v2.7.0-candidate-2
1614999441,pulsar,refs/tags/v2.7.1
1614999441,pulsar,refs/tags/v2.7.1-candidate-1
1620065661,pulsar,refs/tags/v2.7.2
1620065661,pulsar,refs/tags/v2.7.2-candidate-1
1626830901,pulsar,refs/tags/v2.7.3
1626748949,pulsar,refs/tags/v2.7.3-candidate-1
1626830901,pulsar,refs/tags/v2.7.3-candidate-2
1639852116,pulsar,refs/tags/v2.7.4
1639723650,pulsar,refs/tags/v2.7.4-candidate-1
1639852116,pulsar,refs/tags/v2.7.4-candidate-2
1661445935,pulsar,refs/tags/v2.7.5
1644579295,pulsar,refs/tags/v2.7.5-candidate-1
1659925579,pulsar,refs/tags/v2.7.5-candidate-2
1661445935,pulsar,refs/tags/v2.7.5-candidate-3
1623483031,pulsar,refs/tags/v2.8.0
1623060492,pulsar,refs/tags/v2.8.0-candidate-1
1623128537,pulsar,refs/tags/v2.8.0-candidate-2
1623483031,pulsar,refs/tags/v2.8.0-candidate-3
1630714582,pulsar,refs/tags/v2.8.1
1630210399,pulsar,refs/tags/v2.8.1-candidate-1
1630414294,pulsar,refs/tags/v2.8.1-candidate-2
1630714582,pulsar,refs/tags/v2.8.1-candidate-3
1639852035,pulsar,refs/tags/v2.8.2
1639390686,pulsar,refs/tags/v2.8.2-candidate-1
1639852035,pulsar,refs/tags/v2.8.2-candidate-2
1646230462,pulsar,refs/tags/v2.8.3
1644866156,pulsar,refs/tags/v2.8.3-candidate-1
1644951118,pulsar,refs/tags/v2.8.3-candidate-2
1645685439,pulsar,refs/tags/v2.8.3-candidate-3
1646230462,pulsar,refs/tags/v2.8.3-candidate-4
1660027553,pulsar,refs/tags/v2.8.4
1660027553,pulsar,refs/tags/v2.8.4-candidate-1
1637057376,pulsar,refs/tags/v2.9.0
1634627093,pulsar,refs/tags/v2.9.0-candidate-1
1634627093,pulsar,refs/tags/v2.9.0-candidate-2
1636469389,pulsar,refs/tags/v2.9.0-candidate-3
1637057376,pulsar,refs/tags/v2.9.0-candidate-4
1639603201,pulsar,refs/tags/v2.9.1
1639480251,pulsar,refs/tags/v2.9.1-candidate-1
1639603201,pulsar,refs/tags/v2.9.1-candidate-2
1647252262,pulsar,refs/tags/v2.9.2
1642782948,pulsar,refs/tags/v2.9.2-candidate-1
1642782948,pulsar,refs/tags/v2.9.2-candidate-2
1645014067,pulsar,refs/tags/v2.9.2-candidate-3
1647252262,pulsar,refs/tags/v2.9.2-candidate-4
1655446372,pulsar,refs/tags/v2.9.3
1655446372,pulsar,refs/tags/v2.9.3-candidate-1
1655446372,pulsar,refs/tags/v2.9.3-candidate-2
1670906024,pulsar,refs/tags/v2.9.4
1669192685,pulsar,refs/tags/v2.9.4-candidate-1
1670665505,pulsar,refs/tags/v2.9.4-candidate-2
1670906024,pulsar,refs/tags/v2.9.4-candidate-3
1680740623,pulsar,refs/tags/v2.9.5
1679151213,pulsar,refs/tags/v2.9.5-candidate-1
1679923358,pulsar,refs/tags/v2.9.5-candidate-2
1680740623,pulsar,refs/tags/v2.9.5-candidate-3
1682576640,pulsar,refs/tags/v3.0.0
1681276739,pulsar,refs/tags/v3.0.0-candidate-1
1681878809,pulsar,refs/tags/v3.0.0-candidate-2
1682331050,pulsar,refs/tags/v3.0.0-candidate-3
1682576640,pulsar,refs/tags/v3.0.0-candidate-4
1690353633,pulsar,refs/tags/v3.0.1
1689215432,pulsar,refs/tags/v3.0.1-candidate-1
1690353633,pulsar,refs/tags/v3.0.1-candidate-2
1700207469,pulsar,refs/tags/v3.0.2
1698394630,pulsar,refs/tags/v3.0.2-candidate-2
1700207469,pulsar,refs/tags/v3.0.2-candidate-3
1700207469,pulsar,refs/tags/v3.0.2-candidate-4
1691026902,pulsar,refs/tags/v3.1.0
1691026902,pulsar,refs/tags/v3.1.0-candidate-1
1695803370,pulsar,refs/tags/v3.1.1
1695803370,pulsar,refs/tags/v3.1.1-candidate-1
1702005532,pulsar,refs/tags/v3.1.2
1701356880,pulsar,refs/tags/v3.1.2-candidate-1
1702005532,pulsar,refs/tags/v3.1.2-candidate-2
1704723401,pulsar,refs/tags/v3.2.0-candidate-1
1650075833,pulsar,refs/tags/vx.y.z.m
1447163414,flink,refs/tags/release-0.10.0
1448192472,flink,refs/tags/release-0.10.1
1454525976,flink,refs/tags/release-0.10.2
1389311293,flink,refs/tags/release-0.4
1401366585,flink,refs/tags/release-0.5
1400346669,flink,refs/tags/release-0.5-rc1
1400771602,flink,refs/tags/release-0.5-rc2
1401263003,flink,refs/tags/release-0.5-rc3
1408103869,flink,refs/tags/release-0.6
1413655015,flink,refs/tags/release-0.7.0
1421318952,flink,refs/tags/release-0.8.0
1424091141,flink,refs/tags/release-0.8.1
1434623159,flink,refs/tags/release-0.9.0
1440709201,flink,refs/tags/release-0.9.1
1456994067,flink,refs/tags/release-1.0.0
1459431633,flink,refs/tags/release-1.0.1
1460983368,flink,refs/tags/release-1.0.2
1462539482,flink,refs/tags/release-1.0.3
1470162653,flink,refs/tags/release-1.1.0
1470744548,flink,refs/tags/release-1.1.1
1472569379,flink,refs/tags/release-1.1.2
1476105992,flink,refs/tags/release-1.1.3
1482144170,flink,refs/tags/release-1.1.4
1489748051,flink,refs/tags/release-1.1.5
1581099499,flink,refs/tags/release-1.10.0
1580140077,flink,refs/tags/release-1.10.0-rc1
1580914749,flink,refs/tags/release-1.10.0-rc2
1581099499,flink,refs/tags/release-1.10.0-rc3
1588831131,flink,refs/tags/release-1.10.1
1587715048,flink,refs/tags/release-1.10.1-rc1
1588308775,flink,refs/tags/release-1.10.1-rc2
1588831131,flink,refs/tags/release-1.10.1-rc3
1597648452,flink,refs/tags/release-1.10.2
1597128531,flink,refs/tags/release-1.10.2-rc1
1597648452,flink,refs/tags/release-1.10.2-rc2
1611114346,flink,refs/tags/release-1.10.3
1611114346,flink,refs/tags/release-1.10.3-rc1
1593439994,flink,refs/tags/release-1.11.0
1590255192,flink,refs/tags/release-1.11.0-rc1
1592447534,flink,refs/tags/release-1.11.0-rc2
1592967561,flink,refs/tags/release-1.11.0-rc3
1593439994,flink,refs/tags/release-1.11.0-rc4
1594789329,flink,refs/tags/release-1.11.1
1594789329,flink,refs/tags/release-1.11.1-rc1
1599661143,flink,refs/tags/release-1.11.2
1599661143,flink,refs/tags/release-1.11.2-rc1
1607771605,flink,refs/tags/release-1.11.3
1607422051,flink,refs/tags/release-1.11.3-rc1
1607771605,flink,refs/tags/release-1.11.3-rc2
1626834058,flink,refs/tags/release-1.11.4
1626834058,flink,refs/tags/release-1.11.4-rc1
1639394601,flink,refs/tags/release-1.11.5-rc1
1639521496,flink,refs/tags/release-1.11.6
1639521496,flink,refs/tags/release-1.11.6-rc1
1606895356,flink,refs/tags/release-1.12.0
1604903480,flink,refs/tags/release-1.12.0-rc1
1606761893,flink,refs/tags/release-1.12.0-rc2
1606895356,flink,refs/tags/release-1.12.0-rc3
1610199996,flink,refs/tags/release-1.12.1
1608891003,flink,refs/tags/release-1.12.1-rc1
1610199996,flink,refs/tags/release-1.12.1-rc2
1614356068,flink,refs/tags/release-1.12.2
1614356068,flink,refs/tags/release-1.12.2-rc2
1619171345,flink,refs/tags/release-1.12.3
1619171345,flink,refs/tags/release-1.12.3-rc1
1620657095,flink,refs/tags/release-1.12.4
1620657095,flink,refs/tags/release-1.12.4-rc1
1627012343,flink,refs/tags/release-1.12.5
1625119546,flink,refs/tags/release-1.12.5-rc1
1626314830,flink,refs/tags/release-1.12.5-rc2
1627012343,flink,refs/tags/release-1.12.5-rc3
1639394793,flink,refs/tags/release-1.12.6-rc1
1639521573,flink,refs/tags/release-1.12.7
1639521573,flink,refs/tags/release-1.12.7-rc1
1619185161,flink,refs/tags/release-1.13.0
1617301715,flink,refs/tags/release-1.13.0-rc0
1618748466,flink,refs/tags/release-1.13.0-rc1
1619185161,flink,refs/tags/release-1.13.0-rc2
1621936931,flink,refs/tags/release-1.13.1
1621936931,flink,refs/tags/release-1.13.1-rc1
1627007755,flink,refs/tags/release-1.13.2
1624942375,flink,refs/tags/release-1.13.2-rc1
1626230337,flink,refs/tags/release-1.13.2-rc2
1627007755,flink,refs/tags/release-1.13.2-rc3
1633989156,flink,refs/tags/release-1.13.3
1633989156,flink,refs/tags/release-1.13.3-rc1
1639394769,flink,refs/tags/release-1.13.4-rc1
1639520764,flink,refs/tags/release-1.13.5
1639520764,flink,refs/tags/release-1.13.5-rc1
1643896462,flink,refs/tags/release-1.13.6
1643896462,flink,refs/tags/release-1.13.6-rc1
1632292780,flink,refs/tags/release-1.14.0
1630116119,flink,refs/tags/release-1.14.0-rc0
1631653317,flink,refs/tags/release-1.14.0-rc1
1631930837,flink,refs/tags/release-1.14.0-rc2
1632292780,flink,refs/tags/release-1.14.0-rc3
1639394901,flink,refs/tags/release-1.14.1-rc1
1639520577,flink,refs/tags/release-1.14.2
1639520577,flink,refs/tags/release-1.14.2-rc1
1641680634,flink,refs/tags/release-1.14.3
1641680634,flink,refs/tags/release-1.14.3-rc1
1645786634,flink,refs/tags/release-1.14.4
1645786634,flink,refs/tags/release-1.14.4-rc1
1654758644,flink,refs/tags/release-1.14.5
1654758644,flink,refs/tags/release-1.14.5-rc1
1662711518,flink,refs/tags/release-1.14.6
1662621499,flink,refs/tags/release-1.14.6-rc1
1662711518,flink,refs/tags/release-1.14.6-rc2
1650477032,flink,refs/tags/release-1.15.0
1648020417,flink,refs/tags/release-1.15.0-rc0
1649679162,flink,refs/tags/release-1.15.0-rc1
1649761936,flink,refs/tags/release-1.15.0-rc2
1649954367,flink,refs/tags/release-1.15.0-rc3
1650477032,flink,refs/tags/release-1.15.0-rc4
1655728828,flink,refs/tags/release-1.15.1
1655728828,flink,refs/tags/release-1.15.1-rc1
1660741086,flink,refs/tags/release-1.15.2
1660675873,flink,refs/tags/release-1.15.2-rc1
1660741086,flink,refs/tags/release-1.15.2-rc2
1668073142,flink,refs/tags/release-1.15.3
1668073142,flink,refs/tags/release-1.15.3-rc1
1678297783,flink,refs/tags/release-1.15.4
1677156387,flink,refs/tags/release-1.15.4-rc1
1678297783,flink,refs/tags/release-1.15.4-rc2
1666232505,flink,refs/tags/release-1.16.0
1663068519,flink,refs/tags/release-1.16.0-rc0
1664433214,flink,refs/tags/release-1.16.0-rc1
1666232505,flink,refs/tags/release-1.16.0-rc2
1674132403,flink,refs/tags/release-1.16.1
1674132403,flink,refs/tags/release-1.16.1-rc1
1684317695,flink,refs/tags/release-1.16.2
1684317695,flink,refs/tags/release-1.16.2-rc1
1699610433,flink,refs/tags/release-1.16.3
1699610433,flink,refs/tags/release-1.16.3-rc1
1679045406,flink,refs/tags/release-1.17.0
1678280707,flink,refs/tags/release-1.17.0-rc1
1678766176,flink,refs/tags/release-1.17.0-rc2
1679045406,flink,refs/tags/release-1.17.0-rc3
1684485946,flink,refs/tags/release-1.17.1
1684485946,flink,refs/tags/release-1.17.1-rc1
1699532678,flink,refs/tags/release-1.17.2
1699532678,flink,refs/tags/release-1.17.2-rc1
1697659775,flink,refs/tags/release-1.18.0
1694773864,flink,refs/tags/release-1.18.0-rc0
1695907108,flink,refs/tags/release-1.18.0-rc1
1696954022,flink,refs/tags/release-1.18.0-rc2
1697659775,flink,refs/tags/release-1.18.0-rc3
1702391142,flink,refs/tags/release-1.18.1-rc1
1703020656,flink,refs/tags/release-1.18.1-rc2
1485724755,flink,refs/tags/release-1.2.0
1491870413,flink,refs/tags/release-1.2.1
1495807613,flink,refs/tags/release-1.3.0
1497978523,flink,refs/tags/release-1.3.1
1501755791,flink,refs/tags/release-1.3.2
1501253915,flink,refs/tags/release-1.3.2-rc1
1501324459,flink,refs/tags/release-1.3.2-rc2
1501755791,flink,refs/tags/release-1.3.2-rc3
1521004417,flink,refs/tags/release-1.3.3
1512558520,flink,refs/tags/release-1.4.0
1511457061,flink,refs/tags/release-1.4.0-rc1
1511797129,flink,refs/tags/release-1.4.0-rc2
1512558520,flink,refs/tags/release-1.4.0-rc3
1518195579,flink,refs/tags/release-1.4.1
1518195579,flink,refs/tags/release-1.4.1-rc1
1519822394,flink,refs/tags/release-1.4.2
1519715012,flink,refs/tags/release-1.4.2-rc1
1519822394,flink,refs/tags/release-1.4.2-rc2
1527173684,flink,refs/tags/release-1.5.0
1522682255,flink,refs/tags/release-1.5.0-rc1
1525963204,flink,refs/tags/release-1.5.0-rc2
1526388779,flink,refs/tags/release-1.5.0-rc3
1526598759,flink,refs/tags/release-1.5.0-rc4
1527033269,flink,refs/tags/release-1.5.0-rc5
1527173684,flink,refs/tags/release-1.5.0-rc6
1531223487,flink,refs/tags/release-1.5.1
1530787135,flink,refs/tags/release-1.5.1-rc1
1530871736,flink,refs/tags/release-1.5.1-rc2
1531223487,flink,refs/tags/release-1.5.1-rc3
1532538613,flink,refs/tags/release-1.5.2
1532416642,flink,refs/tags/release-1.5.2-rc1
1532538613,flink,refs/tags/release-1.5.2-rc2
1534401590,flink,refs/tags/release-1.5.3
1534401590,flink,refs/tags/release-1.5.3-rc1
1536995661,flink,refs/tags/release-1.5.4
1536995661,flink,refs/tags/release-1.5.4-rc1
1539790109,flink,refs/tags/release-1.5.5
1539790109,flink,refs/tags/release-1.5.5-rc1
1544937148,flink,refs/tags/release-1.5.6
1544937148,flink,refs/tags/release-1.5.6-rc1
1533648673,flink,refs/tags/release-1.6.0
1532410539,flink,refs/tags/release-1.6.0-rc1
1533307825,flink,refs/tags/release-1.6.0-rc2
1533568026,flink,refs/tags/release-1.6.0-rc3
1533648673,flink,refs/tags/release-1.6.0-rc4
1536955006,flink,refs/tags/release-1.6.1
1536955006,flink,refs/tags/release-1.6.1-rc1
1539802006,flink,refs/tags/release-1.6.2
1539802006,flink,refs/tags/release-1.6.2-rc1
1545100457,flink,refs/tags/release-1.6.3
1545100457,flink,refs/tags/release-1.6.3-rc1
1550148708,flink,refs/tags/release-1.6.4
1550148708,flink,refs/tags/release-1.6.4-rc1
1543427946,flink,refs/tags/release-1.7.0
1541417937,flink,refs/tags/release-1.7.0-rc1
1542663652,flink,refs/tags/release-1.7.0-rc2
1543427946,flink,refs/tags/release-1.7.0-rc3
1544802514,flink,refs/tags/release-1.7.1
1544695692,flink,refs/tags/release-1.7.1-rc1
1544802514,flink,refs/tags/release-1.7.1-rc2
1549894629,flink,refs/tags/release-1.7.2
1549894629,flink,refs/tags/release-1.7.2-rc1
1554323154,flink,refs/tags/release-1.8.0
1552290173,flink,refs/tags/release-1.8.0-rc1
1552487148,flink,refs/tags/release-1.8.0-rc2
1552982585,flink,refs/tags/release-1.8.0-rc3
1553174263,flink,refs/tags/release-1.8.0-rc4
1554323154,flink,refs/tags/release-1.8.0-rc5
1561388668,flink,refs/tags/release-1.8.1
1561337869,flink,refs/tags/release-1.8.1-rc1
1567606061,flink,refs/tags/release-1.8.2
1567606061,flink,refs/tags/release-1.8.2-rc1
1575526578,flink,refs/tags/release-1.8.3
1574823967,flink,refs/tags/release-1.8.3-rc1
1575295020,flink,refs/tags/release-1.8.3-rc2
1575526578,flink,refs/tags/release-1.8.3-rc3
1566231415,flink,refs/tags/release-1.9.0
1565357290,flink,refs/tags/release-1.9.0-rc2
1566231415,flink,refs/tags/release-1.9.0-rc3
1569814339,flink,refs/tags/release-1.9.1
1569814339,flink,refs/tags/release-1.9.1-rc1
1579826670,flink,refs/tags/release-1.9.2
1579826670,flink,refs/tags/release-1.9.2-rc1
1587121737,flink,refs/tags/release-1.9.3
1587121737,flink,refs/tags/release-1.9.3-rc1
1247172231,maven,refs/tags/maven-2.2.0
1249585864,maven,refs/tags/maven-2.2.1
1248400123,maven,refs/tags/maven-2.2.1-RC1
1249339143,maven,refs/tags/maven-2.2.1-RC2
1286192671,maven,refs/tags/maven-3.0
1284580350,maven,refs/tags/maven-3.0-RC1
1285179487,maven,refs/tags/maven-3.0-RC2
1285517321,maven,refs/tags/maven-3.0-RC3
1257782259,maven,refs/tags/maven-3.0-alpha-3
1258135281,maven,refs/tags/maven-3.0-alpha-4
1258991159,maven,refs/tags/maven-3.0-alpha-5
1262774923,maven,refs/tags/maven-3.0-alpha-6
1268173475,maven,refs/tags/maven-3.0-alpha-7
1271696089,maven,refs/tags/maven-3.0-beta-1
1281178345,maven,refs/tags/maven-3.0-beta-2
1283171754,maven,refs/tags/maven-3.0-beta-3
1290509157,maven,refs/tags/maven-3.0.1
1290124298,maven,refs/tags/maven-3.0.1-RC1
1294534134,maven,refs/tags/maven-3.0.2
1294260103,maven,refs/tags/maven-3.0.2-RC1
1298913959,maven,refs/tags/maven-3.0.3
1298583023,maven,refs/tags/maven-3.0.3-RC1
1326789581,maven,refs/tags/maven-3.0.4
1323092902,maven,refs/tags/maven-3.0.4-RC3
1324630809,maven,refs/tags/maven-3.0.4-RC4
1325794947,maven,refs/tags/maven-3.0.4-RC5
1361281407,maven,refs/tags/maven-3.0.5
1372385416,maven,refs/tags/maven-3.1.0
1370091380,maven,refs/tags/maven-3.1.0-alpha-1
1379431063,maven,refs/tags/maven-3.1.1
1392080121,maven,refs/tags/maven-3.2.0
1392399164,maven,refs/tags/maven-3.2.1
1403012160,maven,refs/tags/maven-3.2.2
1407790497,maven,refs/tags/maven-3.2.3
1418418863,maven,refs/tags/maven-3.2.4
1418577755,maven,refs/tags/maven-3.2.5
1426110121,maven,refs/tags/maven-3.3.0
1426277127,maven,refs/tags/maven-3.3.1
1429190030,maven,refs/tags/maven-3.3.2
1429703678,maven,refs/tags/maven-3.3.3
1437156346,maven,refs/tags/maven-3.3.4
1437415506,maven,refs/tags/maven-3.3.5
1438309536,maven,refs/tags/maven-3.3.6
1445970982,maven,refs/tags/maven-3.3.7
1446223258,maven,refs/tags/maven-3.3.8
1447173405,maven,refs/tags/maven-3.3.9
1491248130,maven,refs/tags/maven-3.5.0
1487861781,maven,refs/tags/maven-3.5.0-alpha-1
1490028936,maven,refs/tags/maven-3.5.0-beta-1
1505044286,maven,refs/tags/maven-3.5.1
1508313287,maven,refs/tags/maven-3.5.2
1519500561,maven,refs/tags/maven-3.5.3
1529260165,maven,refs/tags/maven-3.5.4
1540406286,maven,refs/tags/maven-3.6.0
1554404176,maven,refs/tags/maven-3.6.1
1566917941,maven,refs/tags/maven-3.6.2
1574191026,maven,refs/tags/maven-3.6.3
1616362284,maven,refs/tags/maven-3.8.0
1617124475,maven,refs/tags/maven-3.8.1
1628103810,maven,refs/tags/maven-3.8.2
1632767305,maven,refs/tags/maven-3.8.3
1636881282,maven,refs/tags/maven-3.8.4
1646480464,maven,refs/tags/maven-3.8.5
1654532527,maven,refs/tags/maven-3.8.6
1671908939,maven,refs/tags/maven-3.8.7
1678284000,maven,refs/tags/maven-3.8.8
1675159077,maven,refs/tags/maven-3.9.0
1678873198,maven,refs/tags/maven-3.9.1
1683536723,maven,refs/tags/maven-3.9.2
1687525237,maven,refs/tags/maven-3.9.3
1690364303,maven,refs/tags/maven-3.9.4
1696185550,maven,refs/tags/maven-3.9.5
1701165643,maven,refs/tags/maven-3.9.6
1665779436,maven,refs/tags/maven-4.0.0-alpha-1
1702916836,maven,refs/tags/maven-4.0.0-alpha-10
1705047888,maven,refs/tags/maven-4.0.0-alpha-11
1705052501,maven,refs/tags/maven-4.0.0-alpha-12
1665790891,maven,refs/tags/maven-4.0.0-alpha-2
1670841367,maven,refs/tags/maven-4.0.0-alpha-3
1674833618,maven,refs/tags/maven-4.0.0-alpha-4
1678896403,maven,refs/tags/maven-4.0.0-alpha-5
1687525707,maven,refs/tags/maven-4.0.0-alpha-6
1687596767,maven,refs/tags/maven-4.0.0-alpha-7
1697829623,maven,refs/tags/maven-4.0.0-alpha-8
1702047897,maven,refs/tags/maven-4.0.0-alpha-9
1325844670,dubbo,refs/tags/dubbo-2.0.10
1326473203,dubbo,refs/tags/dubbo-2.0.11
1328526296,dubbo,refs/tags/dubbo-2.0.12
1330487252,dubbo,refs/tags/dubbo-2.0.13
1330664835,dubbo,refs/tags/dubbo-2.0.14
1319716572,dubbo,refs/tags/dubbo-2.0.7
1324994978,dubbo,refs/tags/dubbo-2.0.8
1323938867,dubbo,refs/tags/dubbo-2.0.9
1331695546,dubbo,refs/tags/dubbo-2.1.0
1331698056,dubbo,refs/tags/dubbo-2.1.1
1332598290,dubbo,refs/tags/dubbo-2.1.2
1334316722,dubbo,refs/tags/dubbo-2.1.5
1337149529,dubbo,refs/tags/dubbo-2.1.6
1337149510,dubbo,refs/tags/dubbo-2.1.7
1343615016,dubbo,refs/tags/dubbo-2.1.8
1337237467,dubbo,refs/tags/dubbo-2.2.0
1338560983,dubbo,refs/tags/dubbo-2.2.1
1339055519,dubbo,refs/tags/dubbo-2.2.2
1340002765,dubbo,refs/tags/dubbo-2.3.0
1340693489,dubbo,refs/tags/dubbo-2.3.1
1341199166,dubbo,refs/tags/dubbo-2.3.2
1341489153,dubbo,refs/tags/dubbo-2.3.3
1342628433,dubbo,refs/tags/dubbo-2.3.4
1342775822,dubbo,refs/tags/dubbo-2.3.5
1343286757,dubbo,refs/tags/dubbo-2.3.6
1343641619,dubbo,refs/tags/dubbo-2.3.7
1342680258,dubbo,refs/tags/dubbo-2.4.0
1342776098,dubbo,refs/tags/dubbo-2.4.1
1363516150,dubbo,refs/tags/dubbo-2.4.10
1414645957,dubbo,refs/tags/dubbo-2.4.11
1343287134,dubbo,refs/tags/dubbo-2.4.2
1343990783,dubbo,refs/tags/dubbo-2.4.3
1345103672,dubbo,refs/tags/dubbo-2.4.4
1345620970,dubbo,refs/tags/dubbo-2.4.5
1346689539,dubbo,refs/tags/dubbo-2.4.6
1348649122,dubbo,refs/tags/dubbo-2.4.7
1350629173,dubbo,refs/tags/dubbo-2.4.8
1352277684,dubbo,refs/tags/dubbo-2.4.9
1344850993,dubbo,refs/tags/dubbo-2.5.0
1345614323,dubbo,refs/tags/dubbo-2.5.1
1520905330,dubbo,refs/tags/dubbo-2.5.10
1347943615,dubbo,refs/tags/dubbo-2.5.2
1350960713,dubbo,refs/tags/dubbo-2.5.3
1504667876,dubbo,refs/tags/dubbo-2.5.4
1505100830,dubbo,refs/tags/dubbo-2.5.5
1507730281,dubbo,refs/tags/dubbo-2.5.6
1509780756,dubbo,refs/tags/dubbo-2.5.7
1513086681,dubbo,refs/tags/dubbo-2.5.8
1516845590,dubbo,refs/tags/dubbo-2.5.9
1515316905,dubbo,refs/tags/dubbo-2.6.0
1521100863,dubbo,refs/tags/dubbo-2.6.1
1621224118,dubbo,refs/tags/dubbo-2.6.10
1622308186,dubbo,refs/tags/dubbo-2.6.10.1
1631602141,dubbo,refs/tags/dubbo-2.6.11
1640152361,dubbo,refs/tags/dubbo-2.6.12
1527155474,dubbo,refs/tags/dubbo-2.6.2
1535334170,dubbo,refs/tags/dubbo-2.6.3
1537177867,dubbo,refs/tags/dubbo-2.6.4
1542106279,dubbo,refs/tags/dubbo-2.6.5
1551342927,dubbo,refs/tags/dubbo-2.6.6
1562916035,dubbo,refs/tags/dubbo-2.6.7
1583122533,dubbo,refs/tags/dubbo-2.6.8
1594962928,dubbo,refs/tags/dubbo-2.6.9
1548063946,dubbo,refs/tags/dubbo-2.7.0
1552905615,dubbo,refs/tags/dubbo-2.7.1
1617362394,dubbo,refs/tags/dubbo-2.7.10
1620317365,dubbo,refs/tags/dubbo-2.7.11
1623122063,dubbo,refs/tags/dubbo-2.7.12
1627785959,dubbo,refs/tags/dubbo-2.7.13
1631647640,dubbo,refs/tags/dubbo-2.7.14
1640151549,dubbo,refs/tags/dubbo-2.7.15
1656661943,dubbo,refs/tags/dubbo-2.7.16
1660640233,dubbo,refs/tags/dubbo-2.7.17
1663832601,dubbo,refs/tags/dubbo-2.7.18
1669627771,dubbo,refs/tags/dubbo-2.7.19
1559272413,dubbo,refs/tags/dubbo-2.7.2
1671637540,dubbo,refs/tags/dubbo-2.7.20
1673576192,dubbo,refs/tags/dubbo-2.7.21
1675231515,dubbo,refs/tags/dubbo-2.7.22
1679715124,dubbo,refs/tags/dubbo-2.7.23
1562943113,dubbo,refs/tags/dubbo-2.7.3
1570856401,dubbo,refs/tags/dubbo-2.7.4
1571714580,dubbo,refs/tags/dubbo-2.7.4.1
1577155357,dubbo,refs/tags/dubbo-2.7.5
1584950296,dubbo,refs/tags/dubbo-2.7.6
1589252161,dubbo,refs/tags/dubbo-2.7.7
1594977040,dubbo,refs/tags/dubbo-2.7.8
1612714890,dubbo,refs/tags/dubbo-2.7.9
1623566409,dubbo,refs/tags/dubbo-3.0.0
1624936287,dubbo,refs/tags/dubbo-3.0.1
1657887863,dubbo,refs/tags/dubbo-3.0.10
1660743898,dubbo,refs/tags/dubbo-3.0.11
1663659134,dubbo,refs/tags/dubbo-3.0.12
1673576203,dubbo,refs/tags/dubbo-3.0.13
1675231617,dubbo,refs/tags/dubbo-3.0.14
1679717228,dubbo,refs/tags/dubbo-3.0.15
1629218806,dubbo,refs/tags/dubbo-3.0.2
1629372546,dubbo,refs/tags/dubbo-3.0.2.1
1631955311,dubbo,refs/tags/dubbo-3.0.3
1634623499,dubbo,refs/tags/dubbo-3.0.4
1640510773,dubbo,refs/tags/dubbo-3.0.5
1645775629,dubbo,refs/tags/dubbo-3.0.6
1648439179,dubbo,refs/tags/dubbo-3.0.7
1652236907,dubbo,refs/tags/dubbo-3.0.8
1655692579,dubbo,refs/tags/dubbo-3.0.9
1660744319,dubbo,refs/tags/dubbo-3.1.0
1663833895,dubbo,refs/tags/dubbo-3.1.1
1681708175,dubbo,refs/tags/dubbo-3.1.10
1689043395,dubbo,refs/tags/dubbo-3.1.11
1667365050,dubbo,refs/tags/dubbo-3.1.2
1669111624,dubbo,refs/tags/dubbo-3.1.3
1671166551,dubbo,refs/tags/dubbo-3.1.4
1673928327,dubbo,refs/tags/dubbo-3.1.5
1675408539,dubbo,refs/tags/dubbo-3.1.6
1676533936,dubbo,refs/tags/dubbo-3.1.7
1678590733,dubbo,refs/tags/dubbo-3.1.8
1679732582,dubbo,refs/tags/dubbo-3.1.9
1681229761,dubbo,refs/tags/dubbo-3.2.0
1667363094,dubbo,refs/tags/dubbo-3.2.0-beta.1
1669116387,dubbo,refs/tags/dubbo-3.2.0-beta.2
1671195634,dubbo,refs/tags/dubbo-3.2.0-beta.3
1674188657,dubbo,refs/tags/dubbo-3.2.0-beta.4
1675906706,dubbo,refs/tags/dubbo-3.2.0-beta.5
1678533580,dubbo,refs/tags/dubbo-3.2.0-beta.6
1683510008,dubbo,refs/tags/dubbo-3.2.1
1702604727,dubbo,refs/tags/dubbo-3.2.10
1684572817,dubbo,refs/tags/dubbo-3.2.2
1686636347,dubbo,refs/tags/dubbo-3.2.3
1688131263,dubbo,refs/tags/dubbo-3.2.4
1690801909,dubbo,refs/tags/dubbo-3.2.5
1693819197,dubbo,refs/tags/dubbo-3.2.6
1696041519,dubbo,refs/tags/dubbo-3.2.7
1698838641,dubbo,refs/tags/dubbo-3.2.8
1700121509,dubbo,refs/tags/dubbo-3.2.9
1695718269,dubbo,refs/tags/dubbo-3.3.0-beta.1
1245643811,hadoop,refs/tags/release-0.1.0
1245643811,hadoop,refs/tags/release-0.1.1
1245643811,hadoop,refs/tags/release-0.10.0
1245643811,hadoop,refs/tags/release-0.10.1
1245643811,hadoop,refs/tags/release-0.11.0
1245643811,hadoop,refs/tags/release-0.11.1
1245643811,hadoop,refs/tags/release-0.11.2
1245643811,hadoop,refs/tags/release-0.12.0
1245643811,hadoop,refs/tags/release-0.12.1
1245643811,hadoop,refs/tags/release-0.12.3
1245643811,hadoop,refs/tags/release-0.13.0
1245643811,hadoop,refs/tags/release-0.13.1
1245643811,hadoop,refs/tags/release-0.14.0
1245643811,hadoop,refs/tags/release-0.14.1
1245643811,hadoop,refs/tags/release-0.14.2
1245643811,hadoop,refs/tags/release-0.14.3
1245643811,hadoop,refs/tags/release-0.14.4
1245643811,hadoop,refs/tags/release-0.15.0
1245643811,hadoop,refs/tags/release-0.15.1
1245643811,hadoop,refs/tags/release-0.15.2
1245643811,hadoop,refs/tags/release-0.15.3
1245643811,hadoop,refs/tags/release-0.16.0
1245643811,hadoop,refs/tags/release-0.16.1
1245643811,hadoop,refs/tags/release-0.16.2
1245643811,hadoop,refs/tags/release-0.16.3
1245643811,hadoop,refs/tags/release-0.16.4
1245643811,hadoop,refs/tags/release-0.17.0
1245643811,hadoop,refs/tags/release-0.17.1
1245643811,hadoop,refs/tags/release-0.17.2
1245643811,hadoop,refs/tags/release-0.18.0
1245643811,hadoop,refs/tags/release-0.18.1
1245643811,hadoop,refs/tags/release-0.18.2
1245643811,hadoop,refs/tags/release-0.18.3
1245643811,hadoop,refs/tags/release-0.19.0
1245643811,hadoop,refs/tags/release-0.19.1
1248333894,hadoop,refs/tags/release-0.19.2
1246358270,hadoop,refs/tags/release-0.19.2-rc0
1245643811,hadoop,refs/tags/release-0.2.0
1245643811,hadoop,refs/tags/release-0.2.1
1245643811,hadoop,refs/tags/release-0.20.0
1252431240,hadoop,refs/tags/release-0.20.1
1251477568,hadoop,refs/tags/release-0.20.1-rc0
1251837216,hadoop,refs/tags/release-0.20.1-rc1
1267161194,hadoop,refs/tags/release-0.20.2
1265832916,hadoop,refs/tags/release-0.20.2-rc1
1266358771,hadoop,refs/tags/release-0.20.2-rc2
1266530835,hadoop,refs/tags/release-0.20.2-rc3
1266565827,hadoop,refs/tags/release-0.20.2-rc4
1305144732,hadoop,refs/tags/release-0.20.203.0
1304358510,hadoop,refs/tags/release-0.20.203.0-rc0
1304525608,hadoop,refs/tags/release-0.20.203.0-rc1
1312274026,hadoop,refs/tags/release-0.20.204-rc1
1314977513,hadoop,refs/tags/release-0.20.204.0
1311639988,hadoop,refs/tags/release-0.20.204.0-rc0
1312905434,hadoop,refs/tags/release-0.20.204.0-rc2
1314305371,hadoop,refs/tags/release-0.20.204.0-rc3
1318963686,hadoop,refs/tags/release-0.20.205.0
1317255712,hadoop,refs/tags/release-0.20.205.0-rc1
1318963569,hadoop,refs/tags/release-0.20.205.0-rc2
1294262681,hadoop,refs/tags/release-0.20.3-rc0
1295729165,hadoop,refs/tags/release-0.20.3-rc1
1295943128,hadoop,refs/tags/release-0.20.3-rc2
1307916051,hadoop,refs/tags/release-0.21.0
1278047671,hadoop,refs/tags/release-0.21.0-rc0
1281734306,hadoop,refs/tags/release-0.21.0-rc1
1282022845,hadoop,refs/tags/release-0.21.0-rc2
1323568787,hadoop,refs/tags/release-0.22.0
1323568231,hadoop,refs/tags/release-0.22.0-rc0
1321050274,hadoop,refs/tags/release-0.23.0
1320137788,hadoop,refs/tags/release-0.23.0-rc0
1320195289,hadoop,refs/tags/release-0.23.0-rc1
1320312478,hadoop,refs/tags/release-0.23.0-rc2
1330409433,hadoop,refs/tags/release-0.23.1
1328690250,hadoop,refs/tags/release-0.23.1-rc0
1329532357,hadoop,refs/tags/release-0.23.1-rc1
1329547144,hadoop,refs/tags/release-0.23.1-rc2
1386686925,hadoop,refs/tags/release-0.23.10
1386044000,hadoop,refs/tags/release-0.23.10-rc0
1403875529,hadoop,refs/tags/release-0.23.11
1403141545,hadoop,refs/tags/release-0.23.11-rc0
1333061396,hadoop,refs/tags/release-0.23.2-rc0
1347659865,hadoop,refs/tags/release-0.23.3
1347047183,hadoop,refs/tags/release-0.23.3-rc0
1350335044,hadoop,refs/tags/release-0.23.4
1348929670,hadoop,refs/tags/release-0.23.4-rc0
1349131132,hadoop,refs/tags/release-0.23.4-rc1
1349708328,hadoop,refs/tags/release-0.23.4-rc2
1354112342,hadoop,refs/tags/release-0.23.5
1353370408,hadoop,refs/tags/release-0.23.5-rc0
1360169588,hadoop,refs/tags/release-0.23.6
1358370144,hadoop,refs/tags/release-0.23.6-rc0
1359431121,hadoop,refs/tags/release-0.23.6-rc1
1359431085,hadoop,refs/tags/release-0.23.6-rc1-old
1366317690,hadoop,refs/tags/release-0.23.7
1365704183,hadoop,refs/tags/release-0.23.7-rc0
1370376582,hadoop,refs/tags/release-0.23.8
1369754281,hadoop,refs/tags/release-0.23.8-rc0
1373397136,hadoop,refs/tags/release-0.23.9
1372688548,hadoop,refs/tags/release-0.23.9-rc0
1245643811,hadoop,refs/tags/release-0.3.0
1245643811,hadoop,refs/tags/release-0.3.1
1245643811,hadoop,refs/tags/release-0.3.2
1245643811,hadoop,refs/tags/release-0.4.0
1245643811,hadoop,refs/tags/release-0.5.0
1245643811,hadoop,refs/tags/release-0.6.0
1245643811,hadoop,refs/tags/release-0.6.1
1245643811,hadoop,refs/tags/release-0.6.2
1245643811,hadoop,refs/tags/release-0.7.0
1245643811,hadoop,refs/tags/release-0.7.1
1245643811,hadoop,refs/tags/release-0.8.0
1245643811,hadoop,refs/tags/release-0.9.0
1245643811,hadoop,refs/tags/release-0.9.1
1245643811,hadoop,refs/tags/release-0.9.2
1325009314,hadoop,refs/tags/release-1.0.0
1323334004,hadoop,refs/tags/release-1.0.0-rc2
1323978456,hadoop,refs/tags/release-1.0.0-rc3
1329933230,hadoop,refs/tags/release-1.0.1
1329328302,hadoop,refs/tags/release-1.0.1-rc1
1333575983,hadoop,refs/tags/release-1.0.2
1332102061,hadoop,refs/tags/release-1.0.2-rc1
1332865286,hadoop,refs/tags/release-1.0.2-rc2
1337192819,hadoop,refs/tags/release-1.0.3
1336425160,hadoop,refs/tags/release-1.0.3-rc0
1337192333,hadoop,refs/tags/release-1.0.3-rc1
1350071006,hadoop,refs/tags/release-1.0.4
1349381945,hadoop,refs/tags/release-1.0.4-rc0
1350269131,hadoop,refs/tags/release-1.1.0
1341855907,hadoop,refs/tags/release-1.1.0-rc0
1343199806,hadoop,refs/tags/release-1.1.0-rc1
1343409449,hadoop,refs/tags/release-1.1.0-rc2
1345498392,hadoop,refs/tags/release-1.1.0-rc3
1347836636,hadoop,refs/tags/release-1.1.0-rc4
1349389406,hadoop,refs/tags/release-1.1.0-rc5
1354500973,hadoop,refs/tags/release-1.1.1
1353316880,hadoop,refs/tags/release-1.1.1-rc0
1362553692,hadoop,refs/tags/release-1.1.2
1354696380,hadoop,refs/tags/release-1.1.2-rc0
1354857840,hadoop,refs/tags/release-1.1.2-rc1
1359360435,hadoop,refs/tags/release-1.1.2-rc3
1359403614,hadoop,refs/tags/release-1.1.2-rc4
1359597379,hadoop,refs/tags/release-1.1.2-rc5
1368509709,hadoop,refs/tags/release-1.2.0
1366105456,hadoop,refs/tags/release-1.2.0-rc0
1367823209,hadoop,refs/tags/release-1.2.0-rc1
1375596930,hadoop,refs/tags/release-1.2.1
1374450164,hadoop,refs/tags/release-1.2.1-rc0
1337793881,hadoop,refs/tags/release-2.0.0-alpha
1336579415,hadoop,refs/tags/release-2.0.0-alpha-rc0
1337130952,hadoop,refs/tags/release-2.0.0-alpha-rc1
1344536684,hadoop,refs/tags/release-2.0.1-alpha
1349977018,hadoop,refs/tags/release-2.0.2-alpha
1347846235,hadoop,refs/tags/release-2.0.2-alpha-rc0
1349020529,hadoop,refs/tags/release-2.0.2-alpha-rc1
1349132023,hadoop,refs/tags/release-2.0.2-alpha-rc2
1360871250,hadoop,refs/tags/release-2.0.3-alpha
1360207352,hadoop,refs/tags/release-2.0.3-alpha-rc0
1366917764,hadoop,refs/tags/release-2.0.4-alpha
1365564661,hadoop,refs/tags/release-2.0.4-alpha-rc0
1365802746,hadoop,refs/tags/release-2.0.4-alpha-rc1
1366214615,hadoop,refs/tags/release-2.0.4-alpha-rc2
1369451712,hadoop,refs/tags/release-2.0.4.1-alpha-rc0
1370577434,hadoop,refs/tags/release-2.0.5-alpha
1370040658,hadoop,refs/tags/release-2.0.5-alpha-rc0
1370061197,hadoop,refs/tags/release-2.0.5-alpha-rc1
1370288958,hadoop,refs/tags/release-2.0.5-alpha-rc2
1377278964,hadoop,refs/tags/release-2.0.6-alpha
1376188959,hadoop,refs/tags/release-2.0.6-alpha-rc0
1376630898,hadoop,refs/tags/release-2.0.6-alpha-rc1
1377460250,hadoop,refs/tags/release-2.1.0-beta
1372231786,hadoop,refs/tags/release-2.1.0-beta-rc0
1375189053,hadoop,refs/tags/release-2.1.0-beta-rc1
1376600008,hadoop,refs/tags/release-2.1.0-beta-rc2
1379396801,hadoop,refs/tags/release-2.1.1-beta-rc0
1386021185,hadoop,refs/tags/release-2.1.1-rc0
1571186459,hadoop,refs/tags/release-2.10.0-RC0
1571770999,hadoop,refs/tags/release-2.10.0-RC1
1600088351,hadoop,refs/tags/release-2.10.1-RC0
1653387710,hadoop,refs/tags/release-2.10.2-RC0
1381898215,hadoop,refs/tags/release-2.2.0
1381127018,hadoop,refs/tags/release-2.2.0-rc0
1386024314,hadoop,refs/tags/release-2.2.1-rc0
1393274218,hadoop,refs/tags/release-2.3.0
1392130053,hadoop,refs/tags/release-2.3.0-rc0
1397133071,hadoop,refs/tags/release-2.4.0
1396254253,hadoop,refs/tags/release-2.4.0-rc0
1404111897,hadoop,refs/tags/release-2.4.1
1402932239,hadoop,refs/tags/release-2.4.1-rc0
1403329095,hadoop,refs/tags/release-2.4.1-rc1
1407869864,hadoop,refs/tags/release-2.5.0
1406768208,hadoop,refs/tags/release-2.5.0-rc0
1407279379,hadoop,refs/tags/release-2.5.0-rc1
1407345365,hadoop,refs/tags/release-2.5.0-rc2
1409957822,hadoop,refs/tags/release-2.5.1
1416008449,hadoop,refs/tags/release-2.5.2
1415212004,hadoop,refs/tags/release-2.5.2-RC0
1416008449,hadoop,refs/tags/release-2.5.2-RC1
1415912779,hadoop,refs/tags/release-2.6.0
1415593142,hadoop,refs/tags/release-2.6.0-rc0
1415912779,hadoop,refs/tags/release-2.6.0-rc1
1443046536,hadoop,refs/tags/release-2.6.1
1441838342,hadoop,refs/tags/release-2.6.1-RC0
1442430297,hadoop,refs/tags/release-2.6.1-RC1
1446091504,hadoop,refs/tags/release-2.6.2
1445472622,hadoop,refs/tags/release-2.6.2-RC0
1450395376,hadoop,refs/tags/release-2.6.3
1449843281,hadoop,refs/tags/release-2.6.3-RC0
1449843281,hadoop,refs/tags/release-2.6.3-RC0.1
1449843281,hadoop,refs/tags/release-2.6.3-RC1
1454471833,hadoop,refs/tags/release-2.6.4-RC0
1475000451,hadoop,refs/tags/release-2.6.5-RC0
1475449225,hadoop,refs/tags/release-2.6.5-RC1
1428620554,hadoop,refs/tags/release-2.7.0
1428621886,hadoop,refs/tags/release-2.7.0-RC0
1436226264,hadoop,refs/tags/release-2.7.1
1435537200,hadoop,refs/tags/release-2.7.1-RC0
1447268093,hadoop,refs/tags/release-2.7.2-RC0
1450307971,hadoop,refs/tags/release-2.7.2-RC1
1452793092,hadoop,refs/tags/release-2.7.2-RC2
1469228042,hadoop,refs/tags/release-2.7.3-RC0
1471290759,hadoop,refs/tags/release-2.7.3-RC1
1471481721,hadoop,refs/tags/release-2.7.3-RC2
1501221127,hadoop,refs/tags/release-2.7.4-RC0
1512184472,hadoop,refs/tags/release-2.7.5-RC0
1512692384,hadoop,refs/tags/release-2.7.5-RC1
1523305964,hadoop,refs/tags/release-2.7.6-RC0
1528289980,hadoop,refs/tags/release-2.7.7-RC0
1484687452,hadoop,refs/tags/release-2.8.0-RC0
1484854577,hadoop,refs/tags/release-2.8.0-RC1
1489200875,hadoop,refs/tags/release-2.8.0-RC2
1489695767,hadoop,refs/tags/release-2.8.0-RC3
1504901449,hadoop,refs/tags/release-2.8.2-RC0
1508364715,hadoop,refs/tags/release-2.8.2-RC1
1512435767,hadoop,refs/tags/release-2.8.3-RC0
1525745332,hadoop,refs/tags/release-2.8.4-RC0
1536399376,hadoop,refs/tags/release-2.8.5-RC0
1509734894,hadoop,refs/tags/release-2.9.0-RC0
1510269752,hadoop,refs/tags/release-2.9.0-RC1
1510510660,hadoop,refs/tags/release-2.9.0-RC2
1510612776,hadoop,refs/tags/release-2.9.0-RC3
1523497982,hadoop,refs/tags/release-2.9.1-RC0
1542084318,hadoop,refs/tags/release-2.9.2-RC0
1510686742,hadoop,refs/tags/release-3.0.0-RC0
1512759622,hadoop,refs/tags/release-3.0.0-RC1
1472534620,hadoop,refs/tags/release-3.0.0-alpha1-RC0
1484937808,hadoop,refs/tags/release-3.0.0-alpha2-RC0
1498784318,hadoop,refs/tags/release-3.0.0-alpha4-RC0
1506623551,hadoop,refs/tags/release-3.0.0-beta1-RC0
1518714925,hadoop,refs/tags/release-3.0.1-RC0
1521220939,hadoop,refs/tags/release-3.0.1-RC1
1522880429,hadoop,refs/tags/release-3.0.2-RC0
1522880429,hadoop,refs/tags/release-3.0.2-RC1
1527664053,hadoop,refs/tags/release-3.0.3-RC0
1521676423,hadoop,refs/tags/release-3.1.0-RC0
1522361989,hadoop,refs/tags/release-3.1.0-RC1
1533163867,hadoop,refs/tags/release-3.1.1-RC0
1548239115,hadoop,refs/tags/release-3.1.2-RC0
1548654000,hadoop,refs/tags/release-3.1.2-RC1
1568023154,hadoop,refs/tags/release-3.1.3-RC0
1588424077,hadoop,refs/tags/release-3.1.4-RC0
1592187784,hadoop,refs/tags/release-3.1.4-RC1
1593011195,hadoop,refs/tags/release-3.1.4-RC2
1594577921,hadoop,refs/tags/release-3.1.4-RC3
1595311711,hadoop,refs/tags/release-3.1.4-RC4
1542782993,hadoop,refs/tags/release-3.2.0-RC0
1546922674,hadoop,refs/tags/release-3.2.0-RC1
1568024098,hadoop,refs/tags/release-3.2.1-RC0
1602831520,hadoop,refs/tags/release-3.2.2-RC0
1604037674,hadoop,refs/tags/release-3.2.2-RC1
1604634457,hadoop,refs/tags/release-3.2.2-RC2
1606564725,hadoop,refs/tags/release-3.2.2-RC3
1607399689,hadoop,refs/tags/release-3.2.2-RC4
1609662507,hadoop,refs/tags/release-3.2.2-RC5
1647228994,hadoop,refs/tags/release-3.2.3-RC0
1647614427,hadoop,refs/tags/release-3.2.3-RC1
1657623890,hadoop,refs/tags/release-3.2.4-RC0
1594058065,hadoop,refs/tags/release-3.3.0-RC0
1621555052,hadoop,refs/tags/release-3.3.1-RC0
1621851656,hadoop,refs/tags/release-3.3.1-RC1
1622518601,hadoop,refs/tags/release-3.3.1-RC2
1622536648,hadoop,refs/tags/release-3.3.1-RC3
1638196609,hadoop,refs/tags/release-3.3.2-RC0
1641408268,hadoop,refs/tags/release-3.3.2-RC1
1642267565,hadoop,refs/tags/release-3.3.2-RC2
1643036761,hadoop,refs/tags/release-3.3.2-RC3
1644534866,hadoop,refs/tags/release-3.3.2-RC4
1644534866,hadoop,refs/tags/release-3.3.2-RC5
1651077077,hadoop,refs/tags/release-3.3.3-RC0
1651077077,hadoop,refs/tags/release-3.3.3-RC1
1658073993,hadoop,refs/tags/release-3.3.4-RC0
1659004849,hadoop,refs/tags/release-3.3.4-RC1
1671454973,hadoop,refs/tags/release-3.3.5-RC0
1676651496,hadoop,refs/tags/release-3.3.5-RC1
1677317807,hadoop,refs/tags/release-3.3.5-RC2
1678710186,hadoop,refs/tags/release-3.3.5-RC3
1686701347,hadoop,refs/tags/release-3.3.6-RC0
1687075968,hadoop,refs/tags/release-3.3.6-RC1
1704943830,hadoop,refs/tags/release-3.4.0-RC0
